Full Name,Phone,Email,Age,Experience,Has children,License states,Expiration date,License number
"Travis Vedyaev,+7 297 478 4475,tvedyaev0@goo.ne.jp,19,83,false,,5/29/2020,"""""
"Sharla Clurow,+52 967 183 5695,sclurow1@blinklist.com,16,25,true,Chiapas,3/3/2021,"""""
"Marys Hassell,+7 158 993 7807,mhassell2@rambler.ru,33,48,true,,8/31/2020,"""""
"Nikolas McDool,+86 835 834 0552,nmcdool3@cam.ac.uk,64,1,true,,4/8/2020,"""""
"Sandi Kobus,+30 602 569 8723,skobus4@sciencedirect.com,92,18,false,,4/29/2020,"""""
"Amberly Poltone,+56 371 983 6458,apoltone5@google.fr,56,53,true,,8/21/2020,"""""
"Anson Simakov,+86 423 725 0361,asimakov6@vinaora.com,29,81,false,,6/12/2020,"""""
"Hyacinthia Corballis,+82 117 894 9419,hcorballis7@msn.com,81,21,false,,3/13/2021,"""""
"Adrian Lenglet,+62 197 614 8133,alenglet8@prlog.org,16,61,true,,8/21/2020,"""""
"Vidovic Colqueran,+33 511 961 1004,vcolqueran9@soup.io,79,93,false,?le-de-France,1/4/2021,"""""
"Gib Grosvenor,+63 332 496 1587,ggrosvenora@unblog.fr,59,18,true,,7/31/2020,"""""
"Dael Pope,+598 668 263 1973,dpopeb@globo.com,61,53,false,,12/14/2020,"""""
"Tallulah Skyrme,+86 880 928 4995,tskyrmec@last.fm,7,15,false,,9/20/2020,"""""
"Oona Wyllt,+970 358 156 3636,owylltd@yellowpages.com,68,89,true,,7/13/2020,"""""
"Micheil Calbreath,+380 293 270 5539,mcalbreathe@howstuffworks.com,52,96,true,,12/19/2020,"""""
"Bailie Jancar,+84 149 797 0552,bjancarf@netlog.com,93,79,true,,3/28/2021,"""""
"Kimble Brunel,+258 817 437 4314,kbrunelg@admin.ch,18,77,true,,10/20/2020,"""""
"Andra De Cruze,+7 985 987 6983,adeh@dot.gov,12,14,true,,2/23/2021,"""""
"Jacques Trowbridge,+970 300 496 7079,jtrowbridgei@amazon.de,57,26,false,,5/19/2020,"""""
"Rowland Gelardi,+66 983 810 6613,rgelardij@washingtonpost.com,22,9,false,,5/19/2020,"""""
"Emelina Broker,+86 204 306 3332,ebrokerk@webeden.co.uk,25,90,false,,6/13/2020,"""""
"Lira Saltrese,+7 652 658 2492,lsaltresel@samsung.com,23,24,false,,7/29/2020,"""""
"Gary Couves,+86 786 398 0190,gcouvesm@washington.edu,23,74,false,,8/31/2020,"""""
"Arte Elflain,+685 858 663 8920,aelflainn@adobe.com,82,77,true,,11/12/2020,"""""
"Andreana Kaes,+86 517 912 6043,akaeso@sbwire.com,78,15,true,,10/2/2020,"""""
"Erskine Phorsby,+36 371 564 5677,ephorsbyp@topsy.com,73,21,true,Baranya,9/13/2020,"""""
"Bevon Ostick,+60 977 276 8470,bostickq@tiny.cc,7,20,true,Pahang,4/24/2020,"""""
"Vanya Cockrem,+48 604 330 3949,vcockremr@wikipedia.org,71,12,false,,5/18/2020,"""""
"Chick Townrow,+251 258 744 3528,ctownrows@taobao.com,90,63,false,,11/16/2020,"""""
"Sax Wetherell,+86 815 635 8445,swetherellt@ning.com,71,11,false,,10/16/2020,"""""
"Grady Shackel,+1 608 407 4219,gshackelu@irs.gov,46,68,true,Wisconsin,11/27/2020,"""""
"Franklin Ibbs,+385 832 731 8901,fibbsv@irs.gov,33,46,false,,10/27/2020,"""""
"Ulick De Winton,+64 940 422 1597,udew@house.gov,38,4,true,,1/16/2021,"""""
"Hugibert Chate,+81 469 688 8719,hchatex@eepurl.com,70,94,true,,10/17/2020,"""""
"Brittani Goody,+976 842 429 1745,bgoodyy@gizmodo.com,40,32,true,,11/14/2020,"""""
"Berne Swindlehurst,+62 670 970 3488,bswindlehurstz@bloglovin.com,17,9,false,,10/29/2020,"""""
"Eberhard Bonnyson,+62 725 884 4124,ebonnyson10@newsvine.com,52,14,false,,7/24/2020,"""""
"Gabriell Bliven,+86 559 597 7155,gbliven11@tamu.edu,66,46,true,,8/15/2020,"""""
"Dorette Kopfen,+251 947 834 9629,dkopfen12@zdnet.com,49,25,false,,11/30/2020,"""""
"Guillemette Wandless,+20 726 451 8045,gwandless13@statcounter.com,55,50,true,,6/15/2020,"""""
"Malina Wheatman,+34 175 264 6826,mwheatman14@usnews.com,91,27,true,Pais Vasco,2/2/2021,"""""
"Shea Clarage,+82 334 729 3887,sclarage15@wordpress.com,94,78,true,,10/31/2020,"""""
"Trula Skelcher,+371 301 919 8896,tskelcher16@rediff.com,33,29,true,,10/17/2020,"""""
"Kendrick Madsen,+54 579 878 8232,kmadsen17@craigslist.org,99,59,true,,1/17/2021,"""""
"Mac Bum,+86 678 218 4800,mbum18@theglobeandmail.com,69,61,false,,6/24/2020,"""""
"Melesa Siss,+48 742 769 2671,msiss19@delicious.com,59,32,true,,6/9/2020,"""""
"Drew Vinker,+86 380 143 3131,dvinker1a@google.pl,87,70,true,,6/14/2020,"""""
"Drugi Ranyard,+1 225 624 7295,dranyard1b@mtv.com,76,3,false,Louisiana,2/11/2021,"""""
"Rona Jouanot,+502 656 247 0666,rjouanot1c@thetimes.co.uk,98,79,true,,4/26/2020,"""""
"Moises Sussems,+968 777 458 1842,msussems1d@biglobe.ne.jp,83,70,true,,8/14/2020,"""""
"Noemi Tooker,+48 840 829 9299,ntooker1e@zimbio.com,86,54,false,,3/22/2021,"""""
"Callida Whaley,+380 446 189 7286,cwhaley1f@t-online.de,59,56,true,,10/23/2020,"""""
"Sarah Asipenko,+86 890 521 1435,sasipenko1g@tuttocitta.it,65,7,false,,6/20/2020,"""""
"Jude Metterick,+251 495 571 8866,jmetterick1h@admin.ch,4,51,false,,1/2/2021,"""""
"Kira Gorham,+7 986 970 1260,kgorham1i@unc.edu,84,50,true,,9/28/2020,"""""
"Keelby Novacek,+62 603 415 9721,knovacek1j@reuters.com,65,73,false,,4/12/2020,"""""
"Etheline Caird,+62 625 292 3452,ecaird1k@cam.ac.uk,48,65,false,,8/9/2020,"""""
"Virgie Wims,+63 823 926 0288,vwims1l@va.gov,47,57,true,,8/11/2020,"""""
"Amalle Azema,+81 833 780 4980,aazema1m@newyorker.com,69,14,true,,4/25/2020,"""""
"Ada Colthard,+63 815 475 5994,acolthard1n@ebay.com,70,56,true,,7/27/2020,"""""
"Tobe Isakov,+86 785 397 1476,tisakov1o@nps.gov,68,47,false,,11/27/2020,"""""
"Sarena Kitteridge,+55 195 458 6871,skitteridge1p@sitemeter.com,40,53,true,,10/8/2020,"""""
"Myer Parkyns,+34 617 738 7024,mparkyns1q@squidoo.com,43,100,false,Andalucia,8/13/2020,"""""
"Taite Punshon,+30 108 269 9586,tpunshon1r@flickr.com,98,89,true,,2/26/2021,"""""
"Lonna McCormack,+86 367 178 7655,lmccormack1s@addtoany.com,31,60,true,,9/25/2020,"""""
"Bentlee Souter,+63 621 562 5090,bsouter1t@nps.gov,30,91,true,,12/1/2020,"""""
"Elijah Chetwin,+27 619 525 4219,echetwin1u@cbslocal.com,65,59,false,,2/18/2021,"""""
"Naomi Meggison,+353 429 169 8378,nmeggison1v@theglobeandmail.com,51,86,false,,1/17/2021,"""""
"Stanfield Swin,+58 960 931 4370,sswin1w@arstechnica.com,25,81,true,,5/18/2020,"""""
"Eustacia Blaby,+86 740 126 8466,eblaby1x@umich.edu,41,61,true,,6/3/2020,"""""
"Dinnie Alleyn,+86 971 547 2359,dalleyn1y@cam.ac.uk,51,21,true,,9/29/2020,"""""
"Royall Oleshunin,+66 269 510 2924,roleshunin1z@omniture.com,95,38,true,,5/9/2020,"""""
"Xena Scotchford,+98 671 736 2310,xscotchford20@sun.com,30,13,false,,10/29/2020,"""""
"Mady Kummerlowe,+86 104 495 1219,mkummerlowe21@cbsnews.com,75,28,true,,11/28/2020,"""""
"Daisy Fernandez,+7 546 114 6784,dfernandez22@squidoo.com,7,56,false,,4/4/2020,"""""
"Mendie Chetwin,+212 118 836 6021,mchetwin23@cocolog-nifty.com,89,59,false,,12/22/2020,"""""
"Tobey Gallafant,+63 270 783 2434,tgallafant24@sakura.ne.jp,72,18,false,,7/17/2020,"""""
"Thornie Poure,+66 197 367 5365,tpoure25@skype.com,96,67,false,,7/21/2020,"""""
"Selene Baillie,+266 226 101 2440,sbaillie26@wisc.edu,35,20,true,,11/11/2020,"""""
"Gannon Massen,+351 367 803 3536,gmassen27@hp.com,46,53,true,Aveiro,5/22/2020,"""""
"Cindy McKitterick,+1 182 119 9601,cmckitterick28@dot.gov,93,13,true,,10/8/2020,"""""
"Fawnia Pillifant,+55 589 726 1502,fpillifant29@discuz.net,26,84,false,,2/17/2021,"""""
"Cindi Collington,+504 431 493 2868,ccollington2a@guardian.co.uk,32,46,true,,10/27/2020,"""""
"Domenico Avramovitz,+48 103 969 1247,davramovitz2b@fda.gov,38,40,true,,11/6/2020,"""""
"Heda Keelin,+86 936 141 7123,hkeelin2c@reuters.com,52,87,false,,2/16/2021,"""""
"Karissa Feifer,+86 102 250 2971,kfeifer2d@umn.edu,39,83,false,,3/4/2021,"""""
"Steffen Crowhurst,+46 727 747 8245,scrowhurst2e@soundcloud.com,28,5,false,V„stra G”taland,5/29/2020,"""""
"Jeniece Lempel,+66 199 481 0342,jlempel2f@twitpic.com,79,13,false,,7/17/2020,"""""
"Pincus Pechan,+1 907 114 0920,ppechan2g@who.int,64,66,true,Alaska,10/2/2020,"""""
"Burke Boggish,+86 847 250 9251,bboggish2h@tmall.com,50,77,false,,4/3/2020,"""""
"Elnore Fossitt,+66 816 107 8867,efossitt2i@alexa.com,63,30,false,,6/18/2020,"""""
"Ashley Braunston,+66 388 559 5373,abraunston2j@networksolutions.com,98,78,false,,5/30/2020,"""""
"Niels Bruna,+7 656 971 7935,nbruna2k@cam.ac.uk,40,60,false,,2/1/2021,"""""
"Vito Wheatland,+86 175 662 6675,vwheatland2l@ameblo.jp,52,30,true,,4/20/2020,"""""
"Dorotea Methingam,+48 265 210 6545,dmethingam2m@github.io,55,40,false,,6/29/2020,"""""
"Naomi Ferri,+45 108 420 6642,nferri2n@marketwatch.com,17,5,true,Region Hovedstaden,8/18/2020,"""""
"Nealson Bevar,+263 287 587 0419,nbevar2o@51.la,50,63,true,,8/8/2020,"""""
"Lazarus Berka,+86 864 114 7557,lberka2p@booking.com,67,75,false,,1/18/2021,"""""
"Florry De Maine,+7 144 847 8482,fde2q@npr.org,72,47,false,,8/29/2020,"""""
"Conn Durek,+375 449 731 4320,cdurek2r@macromedia.com,19,30,true,,1/6/2021,"""""
